-- MySQL Script generated by MySQL Workbench
-- Wed 06 Nov 2019 09:48:11 PM -03
-- Model: New Model    Version: 1.0
-- MySQL Workbench Forward Engineering

SET @OLD_UNIQUE_CHECKS=@@UNIQUE_CHECKS, UNIQUE_CHECKS=0;
SET @OLD_FOREIGN_KEY_CHECKS=@@FOREIGN_KEY_CHECKS, FOREIGN_KEY_CHECKS=0;
SET @OLD_SQL_MODE=@@SQL_MODE, SQL_MODE='ONLY_FULL_GROUP_BY,STRICT_TRANS_TABLES,NO_ZERO_IN_DATE,NO_ZERO_DATE,ERROR_FOR_DIVISION_BY_ZERO,NO_ENGINE_SUBSTITUTION';

-- -----------------------------------------------------
-- Schema null_bank
-- -----------------------------------------------------

-- -----------------------------------------------------
-- Schema null_bank
-- -----------------------------------------------------
CREATE SCHEMA IF NOT EXISTS `null_bank` DEFAULT CHARACTER SET utf8 ;
USE `null_bank` ;

-- -----------------------------------------------------
-- Table `cliente`
-- -----------------------------------------------------
CREATE TABLE IF NOT EXISTS `cliente` (
  `cpf` VARCHAR(11) NOT NULL,
  `nome_completo` VARCHAR(150) NOT NULL,
  `RG` VARCHAR(15) NOT NULL,
  `orgao_emissor` VARCHAR(45) NOT NULL,
  `UF_emissor` VARCHAR(2) NOT NULL,
  `data_nasc` DATE NOT NULL,
  `idade` INT NULL,
  `tipo_logradouro` VARCHAR(45) NOT NULL,
  `nome_logradouro` VARCHAR(150) NOT NULL,
  `numero` VARCHAR(4) NOT NULL,
  `bairro` VARCHAR(150) NOT NULL,
  `CEP` VARCHAR(8) NOT NULL,
  `cidade` VARCHAR(100) NOT NULL,
  `estado` VARCHAR(100) NOT NULL,
  PRIMARY KEY (`cpf`))
ENGINE = InnoDB;


-- -----------------------------------------------------
-- Table `telefone`
-- -----------------------------------------------------
CREATE TABLE IF NOT EXISTS `telefone` (
  `numero_ctt` VARCHAR(11) NOT NULL,
  `cliente_cpf` VARCHAR(11) NOT NULL,
  PRIMARY KEY (`numero_ctt`, `cliente_cpf`),
  INDEX `fk_telefone_cliente_idx` (`cliente_cpf` ASC),
  CONSTRAINT `fk_telefone_cliente`
    FOREIGN KEY (`cliente_cpf`)
    REFERENCES `cliente` (`cpf`)
    ON DELETE NO ACTION
    ON UPDATE NO ACTION)
ENGINE = InnoDB;


-- -----------------------------------------------------
-- Table `email`
-- -----------------------------------------------------
CREATE TABLE IF NOT EXISTS `email` (
  `email` VARCHAR(45) NOT NULL,
  `cliente_cpf` VARCHAR(11) NOT NULL,
  PRIMARY KEY (`email`, `cliente_cpf`),
  INDEX `fk_email_cliente1_idx` (`cliente_cpf` ASC),
  CONSTRAINT `fk_email_cliente1`
    FOREIGN KEY (`cliente_cpf`)
    REFERENCES `cliente` (`cpf`)
    ON DELETE NO ACTION
    ON UPDATE NO ACTION)
ENGINE = InnoDB;


-- -----------------------------------------------------
-- Table `agencia`
-- -----------------------------------------------------
CREATE TABLE IF NOT EXISTS `agencia` (
  `id_agencia` VARCHAR(4) NOT NULL,
  `nome_agencia` VARCHAR(45) NOT NULL,
  `cidade` VARCHAR(45) NOT NULL,
  `montante_salarial` FLOAT NULL,
  PRIMARY KEY (`id_agencia`))
ENGINE = InnoDB;


-- -----------------------------------------------------
-- Table `funcionario`
-- -----------------------------------------------------
CREATE TABLE IF NOT EXISTS `funcionario` (
  `matricula` VARCHAR(5) NOT NULL,
  `nome_completo` VARCHAR(150) NOT NULL,
  `senha` VARCHAR(15) NOT NULL,
  `sexo` VARCHAR(1) NOT NULL,
  `cargo` VARCHAR(20) NOT NULL,
  `salario` FLOAT NOT NULL,
  `data_nasc` DATE NOT NULL,
  `idade` INT NOT NULL,
  `tipo_logradouro` VARCHAR(45) NOT NULL,
  `nome_logradouro` VARCHAR(150) NOT NULL,
  `numero` VARCHAR(4) NOT NULL,
  `bairro` VARCHAR(150) NOT NULL,
  `CEP` VARCHAR(8) NOT NULL,
  `cidade` VARCHAR(100) NOT NULL,
  `estado` VARCHAR(100) NOT NULL,
  `agencia_id_agencia` VARCHAR(4) NOT NULL,
  PRIMARY KEY (`matricula`),
  INDEX `fk_funcionario_agencia1_idx` (`agencia_id_agencia` ASC),
  CONSTRAINT `fk_funcionario_agencia1`
    FOREIGN KEY (`agencia_id_agencia`)
    REFERENCES `agencia` (`id_agencia`)
    ON DELETE NO ACTION
    ON UPDATE NO ACTION)
ENGINE = InnoDB;


-- -----------------------------------------------------
-- Table `dependente`
-- -----------------------------------------------------
CREATE TABLE IF NOT EXISTS `dependente` (
  `nome_completo` VARCHAR(50) NOT NULL,
  `data_nasc` DATE NULL,
  `idade` INT NULL,
  `parentesco` VARCHAR(45) NULL,
  `funcionario_matricula` VARCHAR(5) NOT NULL,
  PRIMARY KEY (`nome_completo`, `funcionario_matricula`),
  INDEX `fk_dependente_funcionario1_idx` (`funcionario_matricula` ASC),
  CONSTRAINT `fk_dependente_funcionario1`
    FOREIGN KEY (`funcionario_matricula`)
    REFERENCES `funcionario` (`matricula`)
    ON DELETE NO ACTION
    ON UPDATE NO ACTION)
ENGINE = InnoDB;


-- -----------------------------------------------------
-- Table `conta`
-- -----------------------------------------------------
CREATE TABLE IF NOT EXISTS `conta` (
  `id_conta` VARCHAR(8) NOT NULL,
  `saldo` FLOAT NULL,
  `senha` VARCHAR(10) NULL,
  `cliente_cpf` VARCHAR(11) NOT NULL,
  `gerente_matricula` VARCHAR(5) NOT NULL,
  `agencia_id_agencia` VARCHAR(4) NOT NULL,
  PRIMARY KEY (`id_conta`, `cliente_cpf`, `gerente_matricula`, `agencia_id_agencia`),
  INDEX `fk_conta_agencia1_idx` (`agencia_id_agencia` ASC),
  INDEX `fk_conta_cliente1_idx` (`cliente_cpf` ASC),
  INDEX `fk_conta_funcionario1_idx` (`gerente_matricula` ASC),
  CONSTRAINT `fk_conta_agencia1`
    FOREIGN KEY (`agencia_id_agencia`)
    REFERENCES `agencia` (`id_agencia`)
    ON DELETE NO ACTION
    ON UPDATE NO ACTION,
  CONSTRAINT `fk_conta_cliente1`
    FOREIGN KEY (`cliente_cpf`)
    REFERENCES `cliente` (`cpf`)
    ON DELETE NO ACTION
    ON UPDATE NO ACTION,
  CONSTRAINT `fk_conta_funcionario1`
    FOREIGN KEY (`gerente_matricula`)
    REFERENCES `funcionario` (`matricula`)
    ON DELETE NO ACTION
    ON UPDATE NO ACTION)
ENGINE = InnoDB;


-- -----------------------------------------------------
-- Table `poupanca`
-- -----------------------------------------------------
CREATE TABLE IF NOT EXISTS `poupanca` (
  `id_conta` VARCHAR(8) NOT NULL,
  `taxa_de_juros` FLOAT NOT NULL,
  INDEX `fk_poupanca_conta1_idx` (`id_conta` ASC),
  PRIMARY KEY (`id_conta`),
  CONSTRAINT `fk_poupanca_conta1`
    FOREIGN KEY (`id_conta`)
    REFERENCES `conta` (`id_conta`)
    ON DELETE NO ACTION
    ON UPDATE NO ACTION)
ENGINE = InnoDB;


-- -----------------------------------------------------
-- Table `especial`
-- -----------------------------------------------------
CREATE TABLE IF NOT EXISTS `especial` (
  `id_conta` VARCHAR(8) NOT NULL,
  `limite_credito` FLOAT NOT NULL,
  INDEX `fk_poupanca_conta1_idx` (`id_conta` ASC),
  PRIMARY KEY (`id_conta`),
  CONSTRAINT `fk_poupanca_conta10`
    FOREIGN KEY (`id_conta`)
    REFERENCES `conta` (`id_conta`)
    ON DELETE NO ACTION
    ON UPDATE NO ACTION)
ENGINE = InnoDB;


-- -----------------------------------------------------
-- Table `corrente`
-- -----------------------------------------------------
CREATE TABLE IF NOT EXISTS `corrente` (
  `id_conta` VARCHAR(8) NOT NULL,
  `aniver_contrato` DATE NOT NULL,
  INDEX `fk_poupanca_conta1_idx` (`id_conta` ASC),
  PRIMARY KEY (`id_conta`),
  CONSTRAINT `fk_poupanca_conta11`
    FOREIGN KEY (`id_conta`)
    REFERENCES `conta` (`id_conta`)
    ON DELETE NO ACTION
    ON UPDATE NO ACTION)
ENGINE = InnoDB;


-- -----------------------------------------------------
-- Table `trasnsacao`
-- -----------------------------------------------------
CREATE TABLE IF NOT EXISTS `trasnsacao` (
  `id_trasnsacao` INT NOT NULL,
  `tipo` VARCHAR(45) NULL,
  `valor` VARCHAR(45) NULL,
  `data_hora` DATE NOT NULL,
  `conta_id_conta` INT NOT NULL,
  PRIMARY KEY (`id_trasnsacao`, `conta_id_conta`),
  INDEX `fk_trasnsacao_conta1_idx` (`conta_id_conta` ASC),
  CONSTRAINT `fk_trasnsacao_conta1`
    FOREIGN KEY (`conta_id_conta`)
    REFERENCES `conta` (`id_conta`)
    ON DELETE NO ACTION
    ON UPDATE NO ACTION)
ENGINE = InnoDB;


SET SQL_MODE=@OLD_SQL_MODE;
SET FOREIGN_KEY_CHECKS=@OLD_FOREIGN_KEY_CHECKS;
SET UNIQUE_CHECKS=@OLD_UNIQUE_CHECKS;

-- -----------------------------------------------------
-- Data for table `cliente`
-- -----------------------------------------------------
START TRANSACTION;
USE `null_bank`;
INSERT INTO `cliente` (`cpf`, `nome_completo`, `RG`, `orgao_emissor`, `UF_emissor`, `data_nasc`, `idade`, `tipo_logradouro`, `nome_logradouro`, `numero`, `bairro`, `CEP`, `cidade`, `estado`) VALUES ('00000000001', 'Ana Maria ', '000000000000001', 'SSP', 'CE', '09051993', , 'Rua', 'Menino de Deus', '0132', 'Centro', '62042210', 'Sobral', 'Ceará');
INSERT INTO `cliente` (`cpf`, `nome_completo`, `RG`, `orgao_emissor`, `UF_emissor`, `data_nasc`, `idade`, `tipo_logradouro`, `nome_logradouro`, `numero`, `bairro`, `CEP`, `cidade`, `estado`) VALUES ('00000000002', 'José Claudio', '000000000000002', 'SSP', 'CE', '02111990', NULL, 'Rua', 'Jardim Maior', '1523', 'Olinda', '62400000', 'Camocim', 'Ceará');
INSERT INTO `cliente` (`cpf`, `nome_completo`, `RG`, `orgao_emissor`, `UF_emissor`, `data_nasc`, `idade`, `tipo_logradouro`, `nome_logradouro`, `numero`, `bairro`, `CEP`, `cidade`, `estado`) VALUES (DEFAULT, DEFAULT, DEFAULT, DEFAULT, DEFAULT, DEFAULT, NULL, DEFAULT, '', DEFAULT, DEFAULT, DEFAULT, DEFAULT, DEFAULT);

COMMIT;


-- -----------------------------------------------------
-- Data for table `telefone`
-- -----------------------------------------------------
START TRANSACTION;
USE `null_bank`;
INSERT INTO `telefone` (`numero_ctt`, `cliente_cpf`) VALUES ('88999999999', '00000000001');
INSERT INTO `telefone` (`numero_ctt`, `cliente_cpf`) VALUES ('88911111111', '00000000001');

COMMIT;


-- -----------------------------------------------------
-- Data for table `email`
-- -----------------------------------------------------
START TRANSACTION;
USE `null_bank`;
INSERT INTO `email` (`email`, `cliente_cpf`) VALUES ('anamaria@gmail.com', '00000000001');
INSERT INTO `email` (`email`, `cliente_cpf`) VALUES ('joseclaudio@gmail.com', '00000000002');

COMMIT;


-- -----------------------------------------------------
-- Data for table `agencia`
-- -----------------------------------------------------
START TRANSACTION;
USE `null_bank`;
INSERT INTO `agencia` (`id_agencia`, `nome_agencia`, `cidade`, `montante_salarial`) VALUES ('0001', 'Agência Camocim', 'Camocim', );
INSERT INTO `agencia` (`id_agencia`, `nome_agencia`, `cidade`, `montante_salarial`) VALUES ('0002', 'Agência Sobral', 'Sobral', NULL);

COMMIT;


-- -----------------------------------------------------
-- Data for table `funcionario`
-- -----------------------------------------------------
START TRANSACTION;
USE `null_bank`;
INSERT INTO `funcionario` (`matricula`, `nome_completo`, `senha`, `sexo`, `cargo`, `salario`, `data_nasc`, `idade`, `tipo_logradouro`, `nome_logradouro`, `numero`, `bairro`, `CEP`, `cidade`, `estado`, `agencia_id_agencia`) VALUES ('00001', 'Maria de Fátima', '123456', 'F', 'Gerente', 2000.00, '03031990', , 'Rua', 'Jardim das oliveiras', '0134', 'Centro', '62000000', 'Sobral', 'Ceará', '0002');
INSERT INTO `funcionario` (`matricula`, `nome_completo`, `senha`, `sexo`, `cargo`, `salario`, `data_nasc`, `idade`, `tipo_logradouro`, `nome_logradouro`, `numero`, `bairro`, `CEP`, `cidade`, `estado`, `agencia_id_agencia`) VALUES ('00002', 'José Paulo', '234567', 'M', 'Gerente', 2000.00, '05061992', DEFAULT, 'Rua', 'Pintor lemos', '1230', 'Olinda', '62042210', 'Camocim', 'Ceará', '0001');
INSERT INTO `funcionario` (`matricula`, `nome_completo`, `senha`, `sexo`, `cargo`, `salario`, `data_nasc`, `idade`, `tipo_logradouro`, `nome_logradouro`, `numero`, `bairro`, `CEP`, `cidade`, `estado`, `agencia_id_agencia`) VALUES ('00003', 'Francisco Nascimento', '345678', 'M', 'Atendente', 1500.00, '12091995', DEFAULT, 'Avenida', 'Duque de caixias', '0450', 'Boa Esperança', '32001000', 'Sobral', 'Ceará', '0002');
INSERT INTO `funcionario` (`matricula`, `nome_completo`, `senha`, `sexo`, `cargo`, `salario`, `data_nasc`, `idade`, `tipo_logradouro`, `nome_logradouro`, `numero`, `bairro`, `CEP`, `cidade`, `estado`, `agencia_id_agencia`) VALUES ('00004', 'João Pedro', '456789', 'M', 'Caixa', 1500.00, '18111991', DEFAULT, 'Rua', 'Afonso Magalhães', '2012', 'Derby', '61000000', 'Camocim', 'Ceará', '0001');

COMMIT;


-- -----------------------------------------------------
-- Data for table `dependente`
-- -----------------------------------------------------
START TRANSACTION;
USE `null_bank`;
INSERT INTO `dependente` (`nome_completo`, `data_nasc`, `idade`, `parentesco`, `funcionario_matricula`) VALUES ('João Matias', '08072008', , 'Filho', '00002');

COMMIT;


-- -----------------------------------------------------
-- Data for table `conta`
-- -----------------------------------------------------
START TRANSACTION;
USE `null_bank`;
INSERT INTO `conta` (`id_conta`, `saldo`, `senha`, `cliente_cpf`, `gerente_matricula`, `agencia_id_agencia`) VALUES ('00000001', NULL, '1111111111', '00000000001', '00001', '0002');
INSERT INTO `conta` (`id_conta`, `saldo`, `senha`, `cliente_cpf`, `gerente_matricula`, `agencia_id_agencia`) VALUES ('00000002', NULL, '2222222222', '00000000002', '00002', '0001');
INSERT INTO `conta` (`id_conta`, `saldo`, `senha`, `cliente_cpf`, `gerente_matricula`, `agencia_id_agencia`) VALUES ('00000003', NULL, '3333333333', '00000000001', '00001', '0002');

COMMIT;


-- -----------------------------------------------------
-- Data for table `poupanca`
-- -----------------------------------------------------
START TRANSACTION;
USE `null_bank`;
INSERT INTO `poupanca` (`id_conta`, `taxa_de_juros`) VALUES ('00000001', 0.05);

COMMIT;


-- -----------------------------------------------------
-- Data for table `especial`
-- -----------------------------------------------------
START TRANSACTION;
USE `null_bank`;
INSERT INTO `especial` (`id_conta`, `limite_credito`) VALUES ('00000002', 200);

COMMIT;


-- -----------------------------------------------------
-- Data for table `corrente`
-- -----------------------------------------------------
START TRANSACTION;
USE `null_bank`;
INSERT INTO `corrente` (`id_conta`, `aniver_contrato`) VALUES ('00000003', '09082019');

COMMIT;

